{"cov": {"0": [[0.06143810549471744, -0.024997782759187525, -0.024997782759187525, 0.08149974593360938], [0.0261927076829931, 0.005659091826380927, 0.005659091826380926, 0.028755915958709383], [0.025797239897600466, -0.020131241122760192, -0.02013124112276019, 0.04815116589858578]], "1": [[0.05131186699711387, -0.02637447968292415, -0.02637447968292415, 0.018832288774893645], [0.023110754433358006, -0.006975507686132005, -0.0069755076861320025, 0.0283683359226276], [0.06106465465915258, -0.024677604606581312, -0.024677604606581312, 0.08128286576290865]], "2": [[0.027170332826640824, -0.008400412655371203, -0.008400412655371201, 0.04044196297889207], [0.035968049493834434, 0.01549272043946405, 0.015492720439464053, 0.019351843047296865], [0.03604943454335487, 0.014638833823181648, 0.014638833823181648, 0.016291486851490313]], "3": [[0.02438188684371047, -0.021699897797951624, -0.021699897797951624, 0.04981001562952901], [0.06142322287095432, -0.02497657443730413, -0.02497657443730413, 0.08148258768051707], [0.025780832971374335, 0.001698850863806973, 0.0016988508638069726, 0.030868867904569216]], "4": [[0.035968049493834434, 0.01549272043946405, 0.015492720439464053, 0.01935184304729687], [0.03604943454335487, 0.014638833823181652, 0.01463883382318165, 0.016291486851490313], [0.027170332826640824, -0.008400412655371203, -0.008400412655371201, 0.04044196297889207]]}, "mu": {"0": [[-0.4804644837314205, 1.2204770421199718], [0.7360701898339926, 0.7242845614019913], [0.7840907619764332, 0.636469650845168]], "1": [[0.7345454713555922, 0.3830793683512451], [0.7634333458262503, 0.7247014481610082], [-0.48102895977178484, 1.2209360315919808]], "2": [[0.7589603463932412, 0.6797694399017238], [-0.6394637166412948, 1.4746035002427063], [-0.32592059965446135, 0.9713359189258466]], "3": [[0.8094747560473957, 0.604790831682613], [-0.48048922947131834, 1.2205071578887414], [0.7339987011267148, 0.7200192713524662]], "4": [[-0.6394637166412948, 1.4746035002427063], [-0.32592059965446124, 0.9713359189258465], [0.7589603463932412, 0.6797694399017238]]}}